{
    "train_count": 445,
    "test_count": 150,
    "ridge_r2": -0.02253792289962475,
    "ridge_mae": 0.24626241871402116,
    "rf_r2": -0.1317666210299835,
    "rf_mae": 0.2682268465784013,
    "xgb_r2": -0.055885427835142165,
    "xgb_mae": 0.2602600700706065,
    "feature_importances": {
        "VIX_LVL": 0.10671087461468591,
        "VIX_Z": 0.06493591814867655,
        "VIX_RET_Z": 0.11078150499475216,
        "VIX_RET_5": 0.04088646600728224,
        "VIX_VOL_20": 0.08269050740686065,
        "SPY_VOL_20": 0.12901541032847186,
        "SPY_TREND": 0.14298489847264706,
        "SPY_DD": 0.32199442002662365
    }
}