{
    "A": {
        "Count": 595,
        "Mean": -0.07724296908600113,
        "Median": -0.11189187539590373,
        "StdDev": 0.24571108622405985,
        "WinRate_Short": 0.746218487394958,
        "t_stat": -7.6681869072547,
        "p_val": 7.163804772584739e-14,
        "t_stat_NW": -3.2640166006324645,
        "p_val_NW": 0.0011615550162880073,
        "CI_Lower": -0.09698638708554541,
        "CI_Upper": -0.05749955108645685,
        "CI_Lower_NW": -0.12362637883312874,
        "CI_Upper_NW": -0.030859559338873514
    },
    "B": {
        "Count": 121,
        "Mean": -0.07914353845136765,
        "Median": -0.10049317076262554,
        "StdDev": 0.230462971693137,
        "WinRate_Short": 0.768595041322314,
        "t_stat": -3.7775219011070713,
        "p_val": 0.0002479642708508191,
        "t_stat_NW": -3.7854228395845197,
        "p_val_NW": 0.0002410350530670513,
        "CI_Lower": -0.12020784977123569,
        "CI_Upper": -0.0380792271314996,
        "CI_Lower_NW": -0.12012214029805234,
        "CI_Upper_NW": -0.03816493660468297
    },
    "C": {
        "Count": 142,
        "Mean": -0.07589850819587783,
        "Median": -0.10428690405672825,
        "StdDev": 0.21686450573704036,
        "WinRate_Short": 0.7535211267605634,
        "t_stat": -4.170507775688776,
        "p_val": 5.2832549383143814e-05,
        "t_stat_NW": -3.8420030507784717,
        "p_val_NW": 0.00018387581233425543,
        "CI_Lower": -0.11156828369206476,
        "CI_Upper": -0.0402287326996909,
        "CI_Lower_NW": -0.11461817449957282,
        "CI_Upper_NW": -0.03717884189218284
    },
    "D": {
        "Count": 121,
        "Mean": -0.07914353845136765,
        "Median": -0.10049317076262554,
        "StdDev": 0.230462971693137,
        "WinRate_Short": 0.768595041322314,
        "t_stat": -3.7775219011070713,
        "p_val": 0.0002479642708508191,
        "t_stat_NW": -3.7854228395845197,
        "p_val_NW": 0.0002410350530670513,
        "CI_Lower": -0.12020784977123569,
        "CI_Upper": -0.0380792271314996,
        "CI_Lower_NW": -0.12012214029805234,
        "CI_Upper_NW": -0.03816493660468297
    }
}