{
    "regime_analysis": {
        "Pre-2008": {
            "count": 288,
            "horizons": {
                "5": {
                    "Count": 288,
                    "Mean": -0.051945996173809746,
                    "Median": -0.07088656966950435,
                    "StdDev": 0.12829662095071118,
                    "WinRate_Short": 0.6979166666666666,
                    "t_stat": -6.871208150824686,
                    "p_val": 3.958294970352062e-11,
                    "t_stat_NW": -4.394924354828136,
                    "p_val_NW": 1.561607132516407e-05,
                    "CI_Lower": -0.06676349991781251,
                    "CI_Upper": -0.03712849242980698,
                    "CI_Lower_NW": -0.07511229990980398,
                    "CI_Upper_NW": -0.028779692437815512
                },
                "10": {
                    "Count": 288,
                    "Mean": -0.07636392314881184,
                    "Median": -0.08505082959372734,
                    "StdDev": 0.14383858191285165,
                    "WinRate_Short": 0.7465277777777778,
                    "t_stat": -9.009674124164931,
                    "p_val": 2.972823309070843e-17,
                    "t_stat_NW": -4.467039535546476,
                    "p_val_NW": 1.1419544800883585e-05,
                    "CI_Lower": -0.09297643180439474,
                    "CI_Upper": -0.05975141449322893,
                    "CI_Lower_NW": -0.10987007150067793,
                    "CI_Upper_NW": -0.042857774796945754
                },
                "20": {
                    "Count": 288,
                    "Mean": -0.11870524912047503,
                    "Median": -0.13816201500614905,
                    "StdDev": 0.1595772171358692,
                    "WinRate_Short": 0.7951388888888888,
                    "t_stat": -12.623950429323669,
                    "p_val": 2.3401553748763327e-29,
                    "t_stat_NW": -5.273762270586519,
                    "p_val_NW": 2.6350007464870373e-07,
                    "CI_Lower": -0.13713547740588472,
                    "CI_Upper": -0.10027502083506533,
                    "CI_Lower_NW": -0.16282219568322853,
                    "CI_Upper_NW": -0.07458830255772153
                }
            }
        },
        "2008-Crisis": {
            "count": 57,
            "horizons": {
                "5": {
                    "Count": 57,
                    "Mean": 0.05389429665552315,
                    "Median": 0.012400616222178584,
                    "StdDev": 0.20678123265142775,
                    "WinRate_Short": 0.42105263157894735,
                    "t_stat": 1.9677463546242984,
                    "p_val": 0.05405698875232029,
                    "t_stat_NW": 1.1385933735982332,
                    "p_val_NW": 0.25972032040051785,
                    "CI_Lower": 0.0002121636933234347,
                    "CI_Upper": 0.10757642961772287,
                    "CI_Lower_NW": -0.038880546316731164,
                    "CI_Upper_NW": 0.14666913962777747
                },
                "10": {
                    "Count": 57,
                    "Mean": 0.11382707998138462,
                    "Median": 0.01340379588655094,
                    "StdDev": 0.3121212758390598,
                    "WinRate_Short": 0.47368421052631576,
                    "t_stat": 2.7533387648745173,
                    "p_val": 0.007938510266600597,
                    "t_stat_NW": 1.1570480541956594,
                    "p_val_NW": 0.25216445611984506,
                    "CI_Lower": 0.03279779306264194,
                    "CI_Upper": 0.1948563669001273,
                    "CI_Lower_NW": -0.07899211707314584,
                    "CI_Upper_NW": 0.30664627703591507
                },
                "20": {
                    "Count": 57,
                    "Mean": 0.1325823660603771,
                    "Median": -0.04028882188487137,
                    "StdDev": 0.45568380768637357,
                    "WinRate_Short": 0.543859649122807,
                    "t_stat": 2.1966435846700803,
                    "p_val": 0.0322017680317011,
                    "t_stat_NW": 0.7601218556859539,
                    "p_val_NW": 0.4503701854075599,
                    "CI_Lower": 0.014283048277620627,
                    "CI_Upper": 0.2508816838431336,
                    "CI_Lower_NW": -0.20928576407493305,
                    "CI_Upper_NW": 0.47445049619568724
                }
            }
        },
        "2009-2019": {
            "count": 144,
            "horizons": {
                "5": {
                    "Count": 144,
                    "Mean": -0.09414369515172957,
                    "Median": -0.14812008987359687,
                    "StdDev": 0.2399601915700526,
                    "WinRate_Short": 0.7916666666666666,
                    "t_stat": -4.707965660591455,
                    "p_val": 5.854348819514055e-06,
                    "t_stat_NW": -3.481592277733229,
                    "p_val_NW": 0.0006613967285109545,
                    "CI_Lower": -0.1333371931081715,
                    "CI_Upper": -0.054950197195287646,
                    "CI_Lower_NW": -0.14714290579380024,
                    "CI_Upper_NW": -0.041144484509658914
                },
                "10": {
                    "Count": 144,
                    "Mean": -0.14212389332554348,
                    "Median": -0.15671045816414586,
                    "StdDev": 0.1984113921920983,
                    "WinRate_Short": 0.8263888888888888,
                    "t_stat": -8.595709656909722,
                    "p_val": 1.311203989035146e-14,
                    "t_stat_NW": -5.404131103729776,
                    "p_val_NW": 2.6577949729933437e-07,
                    "CI_Lower": -0.1745310873835862,
                    "CI_Upper": -0.10971669926750076,
                    "CI_Lower_NW": -0.19367016886386437,
                    "CI_Upper_NW": -0.09057761778722259
                },
                "20": {
                    "Count": 144,
                    "Mean": -0.1860176960761922,
                    "Median": -0.22168130396898894,
                    "StdDev": 0.1951941342843539,
                    "WinRate_Short": 0.8194444444444444,
                    "t_stat": -11.43585774797144,
                    "p_val": 6.503732374288726e-22,
                    "t_stat_NW": -4.814735188856646,
                    "p_val_NW": 3.7086245203710178e-06,
                    "CI_Lower": -0.21789940467597002,
                    "CI_Upper": -0.15413598747641438,
                    "CI_Lower_NW": -0.2617424597460955,
                    "CI_Upper_NW": -0.1102929324062889
                }
            }
        },
        "COVID-Crash": {
            "count": 30,
            "horizons": {
                "5": {
                    "Count": 30,
                    "Mean": 0.0995926511871789,
                    "Median": -0.026774859415774843,
                    "StdDev": 0.3293456460780624,
                    "WinRate_Short": 0.5333333333333333,
                    "t_stat": 1.65628853050124,
                    "p_val": 0.10844578884413796,
                    "t_stat_NW": 0.8062148290633603,
                    "p_val_NW": 0.42668116789132027,
                    "CI_Lower": -0.018262174667225267,
                    "CI_Upper": 0.21744747704158307,
                    "CI_Lower_NW": -0.14252841790013976,
                    "CI_Upper_NW": 0.34171372027449753
                },
                "10": {
                    "Count": 30,
                    "Mean": 0.19770444089626663,
                    "Median": -0.12759665555408195,
                    "StdDev": 0.5962663785777813,
                    "WinRate_Short": 0.5333333333333333,
                    "t_stat": 1.8160873376110764,
                    "p_val": 0.07970885771461203,
                    "t_stat_NW": 0.676951872905165,