{
    "vix_wf": {
        "best_params": {
            "threshold": 3.0,
            "H": 3,
            "treatment": "D"
        },
        "train_sharpe": 0.5903701285751396,
        "val_metrics": {
            "Total Return": -1.0823843331610514,
            "CAGR": NaN,
            "Sharpe": -0.364436391492263,
            "Sortino": -0.06026136520913477,
            "Calmar": NaN,
            "Max Drawdown": -1.3372847912783559,
            "Volatility": 0.6734064030091915,
            "Win Rate": 0.015103338632750398
        },
        "test_metrics": {
            "Total Return": -0.405325649698586,
            "CAGR": -0.09194183623797447,
            "Sharpe": 0.10682790619977343,
            "Sortino": 0.017029192796785227,
            "Calmar": -0.1336701920195779,
            "Max Drawdown": -0.6878260205125485,
            "Volatility": 0.4413052088481457,
            "Win Rate": 0.01400147383935151
        }
    },
    "spy_long_wf": {
        "best_params": {
            "threshold": 3.0,
            "H": 3,
            "treatment": "D"
        },
        "train_sharpe": 0.4937102089832039,
        "val_metrics": {
            "Total Return": -0.12073811062944395,
            "CAGR": -0.02542610817381863,
            "Sharpe": -0.15576388221775503,
            "Sortino": -0.038032382861724535,
            "Calmar": -0.09408901729092328,
            "Max Drawdown": -0.2702346023574791,
            "Volatility": 0.11922043177393178,
            "Win Rate": 0.012718600953895072
        },
        "test_metrics": {
            "Total Return": -0.06329631099037414,
            "CAGR": -0.012060588706261699,
            "Sharpe": -0.25930254979871625,
            "Sortino": -0.049775774484742255,
            "Calmar": -0.08982349626754035,
            "Max Drawdown": -0.1342698648729848,
            "Volatility": 0.04317068892433237,
            "Win Rate": 0.010316875460574797
        }
    },
    "spy_short_wf": {
        "best_params": {
            "threshold": 3.0,
            "H": 10,
            "treatment": "B"
        },
        "train_sharpe": -0.2628402708841034,
        "val_metrics": {
            "Total Return": -0.021182530495858276,
            "CAGR": -0.004276251752514115,
            "Sharpe": 0.034323102984284704,
            "Sortino": 0.011803469512392369,
            "Calmar": -0.023957294889897392,
            "Max Drawdown": -0.17849476629840116,
            "Volatility": 0.13345505046308986,
            "Win Rate": 0.021462639109697933
        },
        "test_metrics": {
            "Total Return": -0.17090752356368366,
            "CAGR": -0.03418177280549273,
            "Sharpe": -0.4468415890836961,
            "Sortino": -0.12492855508655544,
            "Calmar": -0.17051105561488508,
            "Max Drawdown": -0.20046660717821962,
            "Volatility": 0.0719531938495758,
            "Win Rate": 0.023581429624170966
        }
    }
}